accuracy,precision,recall,f1_score,auc_roc
0.7002341920374707,0.7117911609984395,0.7002341920374707,0.6983826038770745,0.9695035326927542
