accuracy,precision,recall,f1_score,auc_roc
0.5878220140515222,0.6405956126191787,0.5878220140515222,0.5842831027175657,0.9458484661740755
