accuracy,precision,recall,f1_score,auc_roc
0.6557377049180327,0.6803129466896902,0.6557377049180327,0.6474571418038961,0.9584696130483313
