accuracy,precision,recall,f1_score,auc_roc
0.667447306791569,0.6861404649709519,0.667447306791569,0.6670293608478896,0.9528181891615745
